Jurisdiction,Acutely Low,Extremely Low,Very Low,Low,Moderate,Above Moderate,Total,Undated Permits,Last Updated
Adelanto,0,0,0,12,1,161,174,0,2026-10-06
Agoura Hills,0,0,46,10,9,275,340,0,2026-10-06
Alameda,0,0,155,44,54,197,450,0,2026-10-06
Alameda County (Unincorporated),0,0,197,205,85,263,750,0,2026-10-06
Albany,0,0,28,17,16,190,251,0,2026-10-06
Alhambra,0,0,21,27,1,663,712,0,2026-10-06
Aliso Viejo,0,0,0,0,1,2,3,0,2026-10-06
Alpine County (Unincorporated),0,0,0,0,2,33,35,0,2026-10-06
Alturas,0,0,0,2,1,1,4,0,2026-10-06
Amador,0,0,0,0,0,4,4,0,2026-10-06
Amador County (Unincorporated),0,0,8,22,74,102,206,0,2026-10-06
American Canyon,0,0,12,7,1,487,507,0,2026-10-06
Anaheim,0,105,440,282,254,2148,3229,0,2026-10-06
Anderson,0,0,0,0,0,99,99,0,2026-10-06
Angels Camp,0,0,0,2,0,20,22,0,2026-10-06
Antioch,0,0,40,37,37,780,894,0,2026-10-06
Apple Valley,0,0,3,6,208,126,343,0,2026-10-06
Arcadia,0,0,26,0,0,830,856,0,2026-10-06
Arcata,0,0,167,91,148,141,547,0,2026-10-06
Arroyo Grande,0,0,0,97,36,41,174,0,2026-10-06
Artesia,0,0,0,0,32,112,144,0,2026-10-06
Arvin,0,0,0,0,5,34,39,0,2026-10-06
Atascadero,0,0,6,121,145,238,510,0,2026-10-06
Atherton,9,0,25,17,12,101,164,0,2026-10-06
Atwater,0,0,0,0,0,15,15,0,2026-10-06
Auburn,0,0,0,0,23,70,93,0,2026-10-06
Avalon,0,0,0,0,0,15,15,0,2026-10-06
Avenal,0,0,0,0,0,6,6,1,2026-10-06
Azusa,0,0,0,1,1,152,154,0,2026-10-06
Bakersfield,0,43,96,148,6,3608,3901,0,2026-10-06
Baldwin Park,0,0,0,91,0,396,487,0,2026-10-06
Banning,0,0,0,0,0,279,279,0,2026-10-06
Barstow,0,0,0,0,0,15,15,0,2026-10-06
Beaumont,0,0,0,0,0,1723,1723,0,2026-10-06
Bell,0,0,0,22,6,25,53,0,2026-10-06
Bell Gardens,0,0,0,0,0,176,176,0,2026-10-06
Bellflower,0,0,0,0,0,313,313,0,2026-10-06
Belmont,0,22,80,98,24,16,240,0,2026-10-06
Belvedere,0,2,16,3,10,5,36,0,2026-10-06
Benicia,0,2,2,2,0,26,32,0,2026-10-06
Berkeley,0,17,206,210,101,1080,1614,0,2026-10-06
Beverly Hills,16,0,11,23,5,264,319,0,2026-10-06
Big Bear Lake,0,0,0,0,0,96,96,0,2026-10-06
Biggs,0,0,0,0,0,0,0,0,2026-10-06
Bishop,0,0,0,1,16,20,37,0,2026-10-06
Blue Lake,0,0,0,0,1,9,10,0,2026-10-06
Blythe,0,0,0,0,3,6,9,0,2026-10-06
Bradbury,0,0,0,0,0,11,11,0,2026-10-06
Brawley,0,0,0,81,32,109,222,0,2026-10-06
Brea,0,38,0,0,1,69,108,0,2026-10-06
Brentwood,0,0,20,20,25,245,310,0,2026-10-06
Brisbane,0,2,6,4,4,3,19,0,2026-10-06
Buellton,0,0,140,45,8,7,200,0,2026-10-06
Buena Park,0,7,80,167,64,182,500,0,2026-10-06
Burbank,90,5,185,438,155,1056,1929,0,2026-10-06
Burlingame,0,0,121,79,39,718,957,0,2026-10-06
Butte County (Unincorporated),0,33,93,0,45,606,777,0,2026-10-06
Calabasas,0,1,20,4,4,107,136,0,2026-10-06
Calaveras County (Unincorporated),0,1,19,35,194,333,582,0,2026-10-06
Calexico,0,10,0,256,54,13,333,0,2026-10-06
California City,0,0,0,51,79,134,264,0,2026-10-06
Calimesa,0,0,0,0,25,33,58,0,2026-10-06
Calipatria,0,0,0,8,4,0,12,0,2026-10-06
Calistoga,0,0,2,2,0,56,60,0,2026-10-06
Camarillo,0,0,57,58,131,618,864,0,2026-10-06
Campbell,0,0,41,44,41,139,265,0,2026-10-06
Canyon Lake,0,0,0,0,0,22,22,0,2026-10-06
Capitola,26,0,14,4,3,14,61,0,2026-10-06
Carlsbad,0,0,64,193,265,924,1446,0,2026-10-06
Carmel,0,0,0,0,0,45,45,0,2026-10-06
Carpinteria,0,0,4,7,0,61,72,0,2026-10-06
Carson,0,0,0,0,0,273,273,0,2026-10-06
Cathedral,0,97,15,42,23,435,612,0,2026-10-06
Ceres,0,0,0,0,0,78,78,0,2026-10-06
Cerritos,0,0,10,0,9,21,40,0,2026-10-06
Chico,0,22,391,152,123,451,1139,0,2026-10-06
Chino,0,0,0,10,26,1821,1857,0,2026-10-06
Chino Hills,0,0,14,23,26,266,329,0,2026-10-06
Chowchilla,0,0,1,84,34,51,170,0,2026-10-06
Chula Vista,0,7,118,377,923,3855,5280,0,2026-10-06
Citrus Heights,0,0,104,232,15,290,641,0,2026-10-06
Claremont,9,6,65,63,26,134,303,0,2026-10-06
Clayton,0,0,2,2,1,6,11,0,2026-10-06
Clearlake,0,0,184,116,8,16,324,0,2026-10-06
Cloverdale,0,0,54,44,3,29,130,0,2026-10-06
Clovis,0,0,13,13,60,1165,1251,0,2026-10-06
Coachella,0,0,78,441,14,455,988,0,2026-10-06
Coalinga,0,0,0,1,0,0,1,0,2026-10-06
Colfax,0,0,0,1,0,1,2,0,2026-10-06
Colma,0,0,0,1,0,0,1,0,2026-10-06
Colton,0,0,0,0,44,159,203,0,2026-10-06
Colusa,0,0,76,22,80,17,195,0,2026-10-06
Colusa County (Unincorporated),0,0,3,16,13,19,51,0,2026-10-06
Commerce,0,0,0,3,2,3,8,0,2026-10-06
Compton,0,0,0,0,0,192,192,0,2026-10-06
Concord,0,23,132,337,51,130,673,0,2026-10-06
Contra Costa County (Unincorporated),0,0,91,131,207,500,929,0,2026-10-06
Corcoran,0,0,0,0,0,67,67,0,2026-10-06
Corning,0,0,0,55,1,0,56,0,2026-10-06
Corona,0,0,52,0,0,1044,1096,0,2026-10-06
Coronado,0,0,0,0,0,198,198,0,2026-10-06
Corte Madera,0,0,9,9,7,3,28,0,2026-10-06
Costa Mesa,0,0,234,182,71,89,576,0,2026-10-06
Cotati,0,0,2,4,1,7,14,0,2026-10-06
Covina,0,0,61,54,190,321,626,0,2026-10-06
Crescent City,0,0,70,90,0,65,225,0,2026-10-06
Cudahy,0,0,140,0,0,118,258,0,2026-10-06
Culver City,0,0,73,1,2,509,585,0,2026-10-06
Cupertino,0,0,41,39,41,133,254,0,2026-10-06
Cypress,0,0,26,8,46,558,638,0,2026-10-06
Daly City,25,16,59,50,36,74,260,0,2026-10-06
Dana Point,0,0,1,14,3,109,127,0,2026-10-06
Danville,0,0,26,26,11,223,286,0,2026-10-06
Davis,0,0,46,2,461,1016,1525,0,2026-10-06
Del Mar,0,0,0,0,60,41,101,0,2026-10-06
Del Norte County (Unincorporated),0,4,18,26,80,109,237,0,2026-10-06
Del Rey Oaks,0,0,0,4,2,2,8,0,2026-10-06
Delano,0,0,0,0,0,232,232,0,2026-10-06
Desert Hot Springs,0,0,0,20,480,215,715,0,2026-10-06
Diamond Bar,17,0,56,87,8,26,194,0,2026-10-06
Dinuba,0,0,4,5,21,161,191,0,2026-10-06
Dixon,0,0,28,140,1,625,794,0,2026-10-06
Dorris,0,0,0,0,0,0,0,0,2026-10-06
Dos Palos,0,0,0,0,0,0,0,0,2026-10-06
Downey,0,22,12,65,6,745,850,0,2026-10-06
Duarte,0,0,13,62,11,311,397,0,2026-10-06
Dublin,0,0,112,41,19,863,1035,0,2026-10-06
Dunsmuir,0,0,0,0,0,1,1,0,2026-10-06
East Palo Alto,0,41,37,98,19,21,216,0,2026-10-06
Eastvale,0,0,10,0,3,906,919,0,2026-10-06
El Cajon,0,0,0,168,151,337,656,0,2026-10-06
El Centro,0,0,129,247,108,38,522,0,2026-10-06
El Cerrito,0,0,90,69,11,62,232,0,2026-10-06
El Dorado County (Unincorporated),0,4,187,221,147,2180,2739,0,2026-10-06
El Monte,0,0,50,46,1,547,644,0,2026-10-06
El Segundo,0,0,0,0,0,118,118,0,2026-10-06
Elk Grove,0,40,302,754,4,4377,5477,0,2026-10-06
Emeryville,0,45,9,39,4,30,127,0,2026-10-06
Encinitas,1,1,108,72,112,1096,1390,0,2026-10-06
Escalon,0,0,0,3,0,1,4,0,2026-10-06
Escondido,35,55,176,271,59,1416,2012,0,2026-10-06
Etna,0,0,0,0,0,0,0,0,2026-10-06
Eureka,6,0,154,115,57,169,501,0,2026-10-06
Exeter,0,0,0,2,0,36,38,0,2026-10-06
Fairfax,0,0,2,20,0,1,23,0,2026-10-06
Fairfield,0,2,42,146,21,866,1077,0,2026-10-06
Farmersville,0,0,1,1,0,3,5,0,2026-10-06
Ferndale,0,0,0,8,11,11,30,0,2026-10-06
Fillmore,0,0,4,3,0,172,179,0,2026-10-06
Firebaugh,0,0,0,7,0,5,12,0,2026-10-06
Folsom,0,7,179,348,812,3473,4819,0,2026-10-06
Fontana,0,0,4,4,0,4213,4221,0,2026-10-06
Fort Bragg,0,0,27,59,72,31,189,0,2026-10-06
Fort Jones,0,0,0,0,1,0,1,0,2026-10-06
Fortuna,0,0,0,9,85,112,206,0,2026-10-06
Foster City,0,0,11,21,5,2,39,0,2026-10-06
Fountain Valley,0,12,117,151,46,373,699,0,2026-10-06
Fowler,0,0,0,1,14,171,186,0,2026-10-06
Fremont,0,50,300,303,119,628,1400,0,2026-10-06
Fresno,0,63,170,153,274,2755,3415,0,2026-10-06
Fresno County (Unincorporated),0,2,6,98,14,177,297,0,2026-10-06
Fullerton,0,34,231,205,78,825,1373,0,2026-10-06
Galt,0,0,0,13,0,812,825,0,2026-10-06
Garden Grove,0,0,13,141,8,1976,2138,0,2026-10-06
Gardena,0,0,7,2,0,975,984,0,2026-10-06
Gilroy,0,0,33,33,32,310,408,0,2026-10-06
Glendale,0,0,243,341,0,1683,2267,0,2026-10-06
Glendora,0,0,1,4,13,274,292,0,2026-10-06
Glenn County (Unincorporated),0,0,0,4,15,26,45,0,2026-10-06
Goleta,10,0,45,119,2,247,423,0,2026-10-06
Gonzales,0,0,0,0,0,22,22,0,2026-10-06
Grand Terrace,0,0,0,0,0,12,12,0,2026-10-06
Grass Valley,0,0,57,53,15,100,225,0,2026-10-06
Greenfield,0,0,0,0,64,14,78,0,2026-10-06
Gridley,0,0,19,17,0,0,36,0,2026-10-06
Grover Beach,0,25,10,60,24,203,322,0,2026-10-06
Guadalupe,0,0,0,0,49,54,103,0,2026-10-06
Gustine,0,0,0,5,0,0,5,0,2026-10-06
Half Moon Bay,0,0,58,22,12,28,120,0,2026-10-06
Hanford,0,0,5,9,147,421,582,0,2026-10-06
Hawaiian Gardens,0,0,0,0,0,74,74,0,2026-10-06
Hawthorne,0,0,0,0,0,202,202,0,2026-10-06
Hayward,0,0,156,175,181,290,802,0,2026-10-06
Healdsburg,0,21,83,49,35,29,217,0,2026-10-06
Hemet,0,0,0,0,113,1454,1567,1,2026-10-06
Hercules,0,0,1,2,1,18,22,0,2026-10-06
Hermosa Beach,0,0,0,0,5,105,110,0,2026-10-06
Hesperia,0,0,0,0,71,1177,1248,0,2026-10-06
Hidden Hills,0,0,10,0,0,44,54,0,2026-10-06
Highland,0,0,85,249,311,189,834,0,2026-10-06
Hillsborough,0,0,45,30,31,45,151,0,2026-10-06
Hollister,0,0,0,5,17,266,288,0,2026-10-06
Holtville,0,0,76,8,1,6,91,0,2026-10-06
Hughson,0,0,0,0,0,0,0,0,2026-10-06
Humboldt County (Unincorporated),0,0,20,47,235,379,681,0,2026-10-06
Huntington Beach,23,3,179,217,103,654,1179,0,2026-10-06
Huntington Park,0,0,0,48,35,0,83,0,2026-10-06
Huron,0,0,0,0,0,1,1,0,2026-10-06
Imperial,0,0,76,120,64,358,618,0,2026-10-06
Imperial Beach,0,0,0,0,0,203,203,0,2026-10-06
Imperial County (Unincorporated),0,0,1,127,67,81,276,0,2026-10-06
Indian Wells,0,0,3,5,10,191,209,0,2026-10-06
Indio,0,0,376,348,0,1354,2078,0,2026-10-06
Industry,0,0,0,0,0,0,0,0,2026-10-06
Inglewood,0,0,14,0,0,633,647,0,2026-10-06
Inyo County (Unincorporated),0,0,0,0,9,58,67,0,2026-10-06
Ione,0,0,0,0,0,130,130,0,2026-10-06
Irvine,0,0,284,69,162,6316,6831,0,2026-10-06
Irwindale,0,0,0,0,0,1,1,0,2026-10-06
Isleton,0,0,0,0,0,3,3,0,2026-10-06
Jackson,0,0,0,0,4,14,18,0,2026-10-06
Jurupa Valley,0,0,48,100,98,874,1120,0,2026-10-06
Kerman,0,0,0,0,0,104,104,0,2026-10-06
Kern County (Unincorporated),0,0,0,171,371,616,1158,0,2026-10-06
King City,0,0,0,4,0,109,113,0,2026-10-06
Kings County (Unincorporated),0,0,11,3,8,7,29,0,2026-10-06
Kingsburg,0,0,0,0,1,73,74,0,2026-10-06
La Canada Flintridge,0,0,0,0,0,161,161,0,2026-10-06
La Habra,0,0,8,169,32,135,344,0,2026-10-06
La Habra Heights,0,0,5,0,0,4,9,0,2026-10-06
La Mesa,0,0,24,167,389,453,1033,0,2026-10-06
La Mirada,0,0,0,0,0,90,90,0,2026-10-06
La Palma,0,0,0,16,0,0,16,0,2026-10-06
La Puente,0,0,0,0,0,153,153,0,2026-10-06
La Quinta,1,1,0,4,7,1111,1124,0,2026-10-06
La Verne,0,0,23,2,19,24,68,0,2026-10-06
Lafayette,0,0,25,14,57,89,185,0,2026-10-06
Laguna Beach,0,0,0,0,43,411,454,0,2026-10-06
Laguna Hills,0,3,9,2,0,6,20,0,2026-10-06
Laguna Niguel,13,0,21,2,7,327,370,0,2026-10-06
Laguna Woods,0,0,0,0,0,0,0,0,2026-10-06
Lake County (Unincorporated),0,0,25,146,96,226,493,0,2026-10-06
Lake Elsinore,0,23,41,16,184,1026,1290,0,2026-10-06
Lake Forest,0,0,86,114,3,718,921,0,2026-10-06
Lakeport,0,15,56,93,7,10,181,0,2026-10-06
Lakewood,0,0,136,213,21,139,509,0,2026-10-06
Lancaster,0,1,23,587,24,1798,2433,0,2026-10-06
Larkspur,0,0,11,17,16,3,47,0,2026-10-06
Lassen County (Unincorporated),0,0,2,0,30,34,66,0,2026-10-06
Lathrop,0,0,0,0,0,1553,1553,0,2026-10-06
Lawndale,0,0,0,0,0,3,3,0,2026-10-06
Lemon Grove,0,0,0,23,0,239,262,0,2026-10-06
Lemoore,0,0,40,68,2,49,159,0,2026-10-06
Lincoln,0,0,39,158,738,2322,3257,0,2026-10-06
Lindsay,0,1,5,6,0,10,22,0,2026-10-06
Live Oak,0,0,0,0,0,80,80,0,2026-10-06
Livermore,0,39,102,59,268,685,1153,0,2026-10-06
Livingston,0,0,0,84,6,4,94,0,2026-10-06
Lodi,0,0,0,0,49,327,376,0,2026-10-06
Loma Linda,0,0,25,32,36,235,328,0,2026-10-06
Lomita,0,0,3,15,3,101,122,0,2026-10-06
Lompoc,0,0,3,31,34,137,205,0,2026-10-06
Long Beach,0,60,340,486,0,4319,5205,0,2026-10-06
Loomis,0,0,0,26,36,60,122,0,2026-10-06
Los Alamitos,0,0,0,0,0,21,21,0,2026-10-06
Los Altos,0,47,51,138,115,246,597,0,2026-10-06
Los Altos Hills,0,0,19,19,58,19,115,0,2026-10-06
Los Angeles,0,1664,4320,10075,1488,70725,88272,0,2026-10-06
Los Angeles County (Unincorporated),0,1,208,927,39,9406,10581,0,2026-10-06
Los Banos,0,0,0,11,51,351,413,0,2026-10-06
Los Gatos,0,0,49,46,38,64,197,0,2026-10-06
Loyalton,0,0,0,0,0,0,0,0,2026-10-06
Lynwood,0,0,0,66,284,115,465,0,2026-10-06
Madera,0,0,0,0,0,0,0,0,2026-10-06
Madera County (Unincorporated),0,0,0,9,0,982,991,0,2026-10-06
Malibu,0,0,0,0,0,142,142,0,2026-10-06
Mammoth Lakes,0,0,34,143,6,256,439,0,2026-10-06
Manhattan Beach,0,0,7,0,0,493,500,0,2026-10-06
Manteca,0,0,0,0,0,600,600,0,2026-10-06
Maricopa,1,0,0,2,0,0,3,0,2026-10-06
Marin County (Unincorporated),0,1,60,88,41,165,355,0,2026-10-06
Marina,0,0,0,0,56,351,407,0,2026-10-06
Mariposa County (Unincorporated),0,0,0,1,0,302,303,0,2026-10-06
Martinez,0,11,19,19,19,69,137,0,2026-10-06
Marysville,0,0,71,75,0,13,159,0,2026-10-06
Maywood,0,0,0,0,0,26,26,0,2026-10-06
McFarland,0,0,0,0,16,73,89,0,2026-10-06
Mendocino County (Unincorporated),0,0,125,21,269,388,803,0,2026-10-06
Mendota,0,0,0,15,6,33,54,0,2026-10-06
Menifee,0,0,9,21,38,4107,4175,0,2026-10-06
Menlo Park,0,0,120,73,61,94,348,0,2026-10-06
Merced,0,11,180,69,2,665,927,0,2026-10-06
Merced County (Unincorporated),0,0,0,33,8,62,103,0,2026-10-06
Mill Valley,0,0,17,19,20,9,65,0,2026-10-06
Millbrae,0,0,18,100,27,258,403,0,2026-10-06
Milpitas,0,0,59,25,54,267,405,0,2026-10-06
Mission Viejo,5,0,11,35,5,193,249,0,2026-10-06
Modesto,0,0,42,297,26,547,912,0,2026-10-06
Modoc County (Unincorporated),0,0,2,2,22,5,31,0,2026-10-06
Mono County (Unincorporated),0,14,21,20,27,45,127,0,2026-10-06
Monrovia,0,13,23,8,21,1146,1211,0,2026-10-06
Montague,0,0,0,2,2,1,5,0,2026-10-06
Montclair,0,0,0,0,0,1224,1224,0,2026-10-06
Monte Sereno,9,1,11,6,2,23,52,0,2026-10-06
Montebello,0,0,19,43,0,779,841,0,2026-10-06
Monterey,0,0,0,5,5,113,123,0,2026-10-06
Monterey County (Unincorporated),0,0,8,53,12,366,439,0,2026-10-06
Monterey Park,0,0,4,51,34,219,308,0,2026-10-06
Moorpark,0,0,82,159,45,72,358,0,2026-10-06
Moraga,0,0,0,8,8,0,16,0,2026-10-06
Moreno Valley,0,0,0,32,523,1926,2481,0,2026-10-06
Morgan Hill,0,34,31,0,83,508,656,0,2026-10-06
Morro Bay,0,0,26,9,37,99,171,0,2026-10-06
Mount Shasta,0,0,0,2,0,6,8,0,2026-10-06
Mountain View,0,0,259,92,73,496,920,0,2026-10-06
Murrieta,0,0,35,814,0,3070,3919,0,2026-10-06
Napa,0,0,15,64,96,306,481,0,2026-10-06
Napa County (Unincorporated),0,0,17,18,16,81,132,0,2026-10-06
National City,0,0,97,316,0,294,707,0,2026-10-06
Needles,0,0,0,0,7,9,16,0,2026-10-06
Nevada City,0,0,32,19,3,40,94,0,2026-10-06
Nevada County (Unincorporated),0,0,94,171,182,232,679,0,2026-10-06
Newark,0,0,97,19,19,273,408,0,2026-10-06
Newman,0,0,0,9,6,12,27,0,2026-10-06
Newport Beach,0,0,48,123,58,138,367,0,2026-10-06
Norco,0,0,6,7,3,124,140,0,2026-10-06
Norwalk,0,0,109,118,20,505,752,0,2026-10-06
Novato,0,0,65,20,17,18,120,0,2026-10-06
Oakdale,0,0,0,0,4,85,89,0,2026-10-06
Oakland,0,127,793,608,307,688,2523,0,2026-10-06
Oakley,0,0,3,3,23,287,316,0,2026-10-06
Oceanside,0,12,188,199,490,2105,2994,0,2026-10-06
Ojai,0,0,1,1,14,96,112,0,2026-10-06
Ontario,0,0,30,20,0,5595,5645,0,2026-10-06
Orange,0,0,100,340,258,139,837,0,2026-10-06
Orange County (Unincorporated),0,0,0,0,0,1822,1822,0,2026-10-06
Orange Cove,0,0,0,2,1,0,3,0,2026-10-06
Orinda,0,0,0,0,44,14,58,0,2026-10-06
Orland,0,0,0,0,0,0,0,0,2026-10-06
Oroville,0,12,172,31,72,129,416,0,2026-10-06
Oxnard,2,1,255,777,93,920,2048,0,2026-10-06
Pacific Grove,0,0,6,9,21,5,41,0,2026-10-06
Pacifica,0,0,21,17,11,14,63,0,2026-10-06
Palm Desert,0,59,500,303,63,1303,2228,0,2026-10-06
Palm Springs,0,0,89,202,84,682,1057,0,2026-10-06
Palmdale,0,2,13,297,41,569,922,0,2026-10-06
Palo Alto,0,0,41,47,81,447,616,0,2026-10-06
Palos Verdes Estates,20,0,7,3,0,20,50,0,2026-10-06
Paradise,0,11,41,483,719,574,1828,0,2026-10-06
Paramount,1,2,55,62,21,90,231,0,2026-10-06
Parlier,0,0,0,0,2,50,52,0,2026-10-06
Pasadena,0,0,129,51,480,1383,2043,0,2026-10-06
Paso Robles,0,0,88,182,373,418,1061,0,2026-10-06
Patterson,0,0,0,0,0,176,176,0,2026-10-06
Perris,0,0,0,0,2,1327,1329,0,2026-10-06
Petaluma,0,0,125,131,24,85,365,0,2026-10-06
Pico Rivera,0,0,0,0,0,386,386,0,2026-10-06
Piedmont,0,0,12,21,16,7,56,0,2026-10-06
Pinole,0,0,29,12,8,50,99,0,2026-10-06
Pismo Beach,0,0,23,53,23,76,175,0,2026-10-06
Pittsburg,0,0,0,63,188,40,291,0,2026-10-06
Placentia,0,0,0,128,36,540,704,0,2026-10-06
Placer County (Unincorporated),0,0,36,213,333,2985,3567,0,2026-10-06
Placerville,0,0,35,110,36,83,264,0,2026-10-06
Pleasant Hill,0,0,9,12,38,42,101,0,2026-10-06
Pleasanton,0,8,22,51,58,326,465,0,2026-10-06
Plumas County (Unincorporated),0,0,17,40,102,166,325,0,2026-10-06
Plymouth,0,0,0,0,0,22,22,0,2026-10-06
Point Arena,0,0,0,0,0,0,0,0,2026-10-06
Pomona,0,0,0,0,0,47,47,0,2026-10-06
Port Hueneme,0,0,0,18,0,40,58,0,2026-10-06
Porterville,0,0,1,131,31,168,331,0,2026-10-06
Portola,0,0,0,0,0,2,2,0,2026-10-06
Portola Valley,0,0,9,19,7,9,44,0,2026-10-06
Poway,0,0,1,0,107,393,501,0,2026-10-06
Rancho Cordova,0,0,18,95,565,3003,3681,0,2026-10-06
Rancho Cucamonga,0,5,43,76,50,2151,2325,0,2026-10-06
Rancho Mirage,0,0,58,176,0,479,713,0,2026-10-06
Rancho Palos Verdes,0,3,3,46,1,32,85,0,2026-10-06
Rancho Santa Margarita,0,0,5,1,2,0,8,0,2026-10-06
Red Bluff,0,0,0,8,16,7,31,0,2026-10-06
Redding,1,0,280,245,265,640,1431,0,2026-10-06
Redlands,0,0,190,165,56,445,856,0,2026-10-06
Redondo Beach,0,0,24,64,15,514,617,0,2026-10-06
Redwood City,0,41,155,230,74,644,1144,0,2026-10-06
Reedley,0,1,47,43,8,101,200,0,2026-10-06
Rialto,0,0,37,17,0,922,976,0,2026-10-06
Richmond,0,0,62,10,25,328,425,0,2026-10-06
Ridgecrest,0,0,0,30,54,16,100,0,2026-10-06
Rio Dell,0,0,2,5,3,5,15,0,2026-10-06
Rio Vista,0,0,0,0,0,216,216,0,2026-10-06
Ripon,0,0,0,0,0,106,106,0,2026-10-06
Riverbank,0,0,0,0,8,282,290,0,2026-10-06
Riverside,0,0,22,258,35,3026,3341,0,2026-10-06
Riverside County (Unincorporated),0,0,0,316,131,7751,8198,0,2026-10-06
Rocklin,0,28,132,242,39,1106,1547,0,2026-10-06
Rohnert Park,0,0,9,9,2,249,269,0,2026-10-06
Rolling Hills,0,0,0,0,4,8,12,0,2026-10-06
Rolling Hills Estates,0,0,3,14,2,12,31,0,2026-10-06
Rosemead,0,0,0,11,0,714,725,0,2026-10-06
Roseville,0,34,496,1037,2484,3784,7835,0,2026-10-06
Ross,0,0,10,12,11,8,41,0,2026-10-06
Sacramento,0,210,1760,3300,4079,3613,12962,0,2026-10-06
Sacramento County (Unincorporated),0,121,167,800,725,2796,4609,0,2026-10-06
Saint Helena,0,0,6,11,6,25,48,0,2026-10-06
Salinas,0,0,0,0,0,443,443,0,2026-10-06
San Anselmo,0,0,7,36,7,11,61,0,2026-10-06
San Benito County (Unincorporated),0,0,11,0,0,289,300,0,2026-10-06
San Bernardino,0,23,98,791,53,430,1395,0,2026-10-06
San Bernardino County (Unincorporated),0,0,45,315,838,1867,3065,0,2026-10-06
San Bruno,0,0,56,469,35,23,583,0,2026-10-06
San Carlos,0,0,17,17,28,89,151,0,2026-10-06
San Clemente,0,0,6,28,59,234,327,0,2026-10-06
San Diego,0,0,2384,2907,1360,28917,35568,0,2026-10-06
San Diego County (Unincorporated),0,42,455,1062,1055,3180,5794,0,2026-10-06
San Dimas,0,0,0,0,0,157,157,0,2026-10-06
San Fernando,0,0,4,125,55,51,235,0,2026-10-06
San Francisco,0,258,1427,1215,963,2203,6066,0,2026-10-06
San Gabriel,0,0,0,268,0,175,443,0,2026-10-06
San Jacinto,0,0,0,28,6,1080,1114,0,2026-10-06
San Joaquin,0,0,0,0,0,0,0,0,2026-10-06
San Joaquin County (Unincorporated),0,0,0,0,0,1788,1788,0,2026-10-06
San Jose,0,258,1687,1874,2159,1665,7643,0,2026-10-06
San Juan Bautista,0,0,0,0,4,3,7,0,2026-10-06
San Juan Capistrano,0,0,53,34,39,313,439,0,2026-10-06
San Leandro,0,0,44,47,48,36,175,0,2026-10-06
San Luis Obispo,0,0,290,293,72,1531,2186,0,2026-10-06
San Luis Obispo County (Unincorporated),0,0,0,178,200,793,1171,0,2026-10-06
San Marcos,0,0,155,269,923,1183,2530,0,2026-10-06
San Marino,0,0,15,0,0,113,128,0,2026-10-06
San Mateo,0,0,87,80,71,319,557,0,2026-10-06
San Mateo County (Unincorporated),0,0,152,172,79,140,543,0,2026-10-06
San Pablo,0,0,0,59,56,26,141,0,2026-10-06
San Rafael,0,0,49,33,8,90,180,0,2026-10-06
San Ramon,0,0,17,9,14,286,326,0,2026-10-06
Sand City,0,0,0,0,0,0,0,0,2026-10-06
Sanger,0,0,0,0,1,30,31,0,2026-10-06
Santa Ana,0,0,393,441,267,3497,4598,0,2026-10-06
Santa Barbara,0,0,83,103,71,414,671,0,2026-10-06
Santa Barbara County (Unincorporated),0,0,114,494,23,601,1232,0,2026-10-06
Santa Clara,0,0,103,238,136,1062,1539,0,2026-10-06
Santa Clara County (Unincorporated),0,0,0,0,0,438,438,0,2026-10-06
Santa Clarita,0,0,0,0,0,1265,1265,0,2026-10-06
Santa Cruz,0,44,378,350,86,124,982,0,2026-10-06
Santa Cruz County (Unincorporated),0,0,9,98,51,44,202,0,2026-10-06
Santa Fe Springs,11,0,94,41,19,32,197,0,2026-10-06
Santa Maria,125,0,15,1129,0,534,1803,0,2026-10-06
Santa Monica,0,0,169,112,94,1314,1689,0,2026-10-06
Santa Paula,0,0,7,62,0,0,69,0,2026-10-06
Santa Rosa,0,13,249,258,89,2249,2858,0,2026-10-06
Santee,1,0,0,5,189,204,399,0,2026-10-06
Saratoga,0,0,80,90,82,198,450,0,2026-10-06
Sausalito,0,0,6,10,10,5,31,0,2026-10-06
Scotts Valley,2,31,36,56,0,38,163,0,2026-10-06
Seal Beach,0,0,0,0,11,23,34,0,2026-10-06
Seaside,0,0,0,0,33,35,68,0,2026-10-06
Sebastopol,0,0,60,18,5,41,124,0,2026-10-06
Selma,0,0,0,0,0,63,63,0,2026-10-06
Shafter,0,0,0,0,0,743,743,0,2026-10-06
Shasta County (Unincorporated),3,0,54,72,58,669,856,0,2026-10-06
Shasta Lake,0,0,27,65,4,8,104,0,2026-10-06
Sierra County (Unincorporated),0,0,8,7,7,10,32,0,2026-10-06
Sierra Madre,0,0,13,67,4,50,134,0,2026-10-06
Signal Hill,0,0,0,0,0,37,37,0,2026-10-06
Simi Valley,0,6,114,270,158,832,1380,0,2026-10-06
Siskiyou County (Unincorporated),0,0,4,2,0,113,119,0,2026-10-06
Solana Beach,0,0,0,32,88,77,197,0,2026-10-06
Solano County (Unincorporated),0,0,6,27,23,61,117,0,2026-10-06
Soledad,0,0,0,0,0,59,59,0,2026-10-06
Solvang,0,0,0,0,0,24,24,0,2026-10-06
Sonoma,0,0,1,3,18,25,47,0,2026-10-06
Sonoma County (Unincorporated),0,10,170,134,106,518,938,0,2026-10-06
Sonora,0,0,0,3,4,13,20,0,2026-10-06
South El Monte,0,0,16,24,87,156,283,0,2026-10-06
South Gate,0,0,0,168,153,4,325,0,2026-10-06
South Lake Tahoe,0,18,0,170,4,164,356,0,2026-10-06
South Pasadena,0,0,0,0,0,189,189,0,2026-10-06
South San Francisco,0,12,88,151,78,1156,1485,0,2026-10-06
Stanislaus County (Unincorporated),0,0,0,33,56,245,334,0,2026-10-06
Stanton,0,0,60,7,13,256,336,0,2026-10-06
Stockton,0,27,319,69,35,1103,1553,0,2026-10-06
Suisun City,0,48,53,5,5,203,314,0,2026-10-06
Sunnyvale,0,0,168,114,173,636,1091,0,2026-10-06
Susanville,0,0,0,0,26,43,69,0,2026-10-06
Sutter County (Unincorporated),0,0,1,9,6,79,95,0,2026-10-06
Sutter Creek,1,0,0,0,3,7,11,0,2026-10-06
Taft,0,0,0,2,4,0,6,0,2026-10-06
Tehachapi,0,0,0,0,0,69,69,0,2026-10-06
Tehama,0,0,0,0,0,0,0,0,2026-10-06
Tehama County (Unincorporated),0,0,8,134,120,49,311,0,2026-10-06
Temecula,0,3,64,126,3,2349,2545,0,2026-10-06
Temple City,0,0,222,26,26,279,553,0,2026-10-06
Thousand Oaks,0,1,0,26,0,624,651,0,2026-10-06
Tiburon,0,0,14,15,21,13,63,0,2026-10-06
Torrance,0,0,0,0,0,660,660,0,2026-10-06
Tracy,0,0,2,10,30,740,782,0,2026-10-06
Trinidad,0,0,0,0,0,2,2,0,2026-10-06
Trinity County (Unincorporated),0,0,0,0,0,99,99,0,2026-10-06
Truckee,0,10,191,186,72,564,1023,0,2026-10-06
Tulare,0,0,0,0,73,803,876,0,2026-10-06
Tulare County (Unincorporated),0,18,97,168,41,47,371,0,2026-10-06
Tulelake,0,0,0,0,0,0,0,0,2026-10-06
Tuolumne County (Unincorporated),0,0,0,1,0,167,168,0,2026-10-06
Turlock,0,0,0,0,0,0,0,0,2026-10-06
Tustin,0,0,6,15,5,517,543,0,2026-10-06
Twentynine Palms,0,0,0,22,85,0,107,0,2026-10-06
Ukiah,0,0,96,57,35,56,244,0,2026-10-06
Union City,0,17,56,79,33,69,254,0,2026-10-06
Upland,0,0,0,0,242,373,615,0,2026-10-06
Vacaville,0,0,0,0,45,1556,1601,44,2026-10-06
Vallejo,0,0,23,58,25,278,384,0,2026-10-06
Ventura,0,84,102,44,10,1110,1350,0,2026-10-06
Ventura County (Unincorporated),0,28,219,491,228,215,1181,0,2026-10-06
Vernon,0,0,0,0,0,0,0,0,2026-10-06
Victorville,0,0,0,0,0,944,944,0,2026-10-06
Villa Park,0,0,1,3,1,7,12,0,2026-10-06
Visalia,0,0,194,259,142,707,1302,0,2026-10-06
Vista,0,0,57,11,0,799,867,0,2026-10-06
Walnut,0,0,0,2,4,447,453,0,2026-10-06
Walnut Creek,0,0,76,62,42,48,228,0,2026-10-06
Wasco,0,0,0,0,1,8,9,0,2026-10-06
Waterford,0,0,0,0,20,35,55,0,2026-10-06
Watsonville,0,0,10,6,2,111,129,0,2026-10-06
Weed,0,0,0,0,4,8,12,0,2026-10-06
West Covina,0,0,57,139,63,386,645,0,2026-10-06
West Hollywood,0,9,124,78,19,529,759,0,2026-10-06
West Sacramento,0,2,9,54,36,1578,1679,0,2026-10-06
Westlake Village,0,0,0,6,9,94,109,0,2026-10-06
Westminster,0,6,77,374,129,305,891,0,2026-10-06
Westmorland,0,0,0,0,15,0,15,0,2026-10-06
Wheatland,16,16,40,8,0,147,227,0,2026-10-06
Whittier,0,0,0,51,253,213,517,0,2026-10-06
Wildomar,0,0,218,0,32,873,1123,0,2026-10-06
Williams,0,0,0,13,0,28,41,0,2026-10-06
Willits,0,0,0,2,18,12,32,0,2026-10-06
Willows,0,0,0,0,0,23,23,0,2026-10-06
Windsor,0,0,9,225,16,167,417,0,2026-10-06
Winters,0,0,3,6,33,293,335,0,2026-10-06
Woodlake,0,0,0,0,0,0,0,0,2026-10-06
Woodland,0,62,65,83,163,722,1095,0,2026-10-06
Woodside,0,0,21,19,19,37,96,0,2026-10-06
Yolo County (Unincorporated),0,2,20,19,32,31,104,0,2026-10-06
Yorba Linda,0,0,80,24,13,109,226,0,2026-10-06
Yountville,0,0,1,3,4,2,10,0,2026-10-06
Yreka,0,0,0,0,0,4,4,0,2026-10-06
Yuba City,0,111,64,36,0,368,579,0,2026-10-06
Yuba County (Unincorporated),0,0,26,146,37,2451,2660,0,2026-10-06
Yucaipa,0,0,14,197,236,472,919,0,2026-10-06
Yucca Valley,0,0,0,0,0,94,94,0,2026-10-06
